{
    "precision": 0.31176470588235294,
    "recall": 0.37857142857142856,
    "f1_score": 0.3419354838709677,
    "accuracy": 0.9065077910174152,
    "threshold": 0.1,
    "far": 0.05729676787463271,
    "brier_score": 0.05430404952859198,
    "roc_auc": 0.8509374562753603,
    "event": [
        0.47368421052631576,
        0.42105263157894735,
        10,
        19
    ]
}