{
    "precision": 0.29767441860465116,
    "recall": 0.45714285714285713,
    "f1_score": 0.36056338028169016,
    "accuracy": 0.8959670027497708,
    "threshold": 0.1,
    "far": 0.07394711067580803,
    "brier_score": 0.05544005499541705,
    "roc_auc": 0.8183730936057086,
    "event": [
        0.5789473684210527,
        0.3157894736842105,
        8,
        19
    ]
}