{
    "precision": 0.2748091603053435,
    "recall": 0.2571428571428571,
    "f1_score": 0.2656826568265683,
    "accuracy": 0.9086317722681359,
    "threshold": 0.1,
    "far": 0.04661432777232581,
    "brier_score": 0.05767762721676927,
    "roc_auc": 0.8562456189541567,
    "event": [
        0.5263157894736842,
        0.3684210526315789,
        9,
        19
    ]
}