{
    "precision": 0.19469026548672566,
    "recall": 0.15714285714285714,
    "f1_score": 0.17391304347826086,
    "accuracy": 0.9040404040404041,
    "threshold": 0.1,
    "far": 0.04465161923454367,
    "brier_score": 0.05978402203856749,
    "roc_auc": 0.7728252488434039,
    "event": [
        0.3157894736842105,
        0.2631578947368421,
        13,
        19
    ]
}