{
    "precision": 0.2669683257918552,
    "recall": 0.42142857142857143,
    "f1_score": 0.3268698060941828,
    "accuracy": 0.888787185354691,
    "threshold": 0.1,
    "far": 0.07921760391198043,
    "brier_score": 0.05545065339097893,
    "roc_auc": 0.8617673768774013,
    "event": [
        0.631578947368421,
        0.47368421052631576,
        7,
        19
    ]
}