{
    "precision": 0.28378378378378377,
    "recall": 0.45,
    "f1_score": 0.34806629834254144,
    "accuracy": 0.8919908466819222,
    "threshold": 0.1,
    "far": 0.07775061124694377,
    "brier_score": 0.056173913043478255,
    "roc_auc": 0.8352200488997555,
    "event": [
        0.631578947368421,
        0.5789473684210527,
        7,
        19
    ]
}