{
    "precision": 0.26666666666666666,
    "recall": 0.37142857142857144,
    "f1_score": 0.31044776119402984,
    "accuracy": 0.8942307692307693,
    "threshold": 0.1,
    "far": 0.06996086105675146,
    "brier_score": 0.05644996604846904,
    "roc_auc": 0.8629857422421022,
    "event": [
        0.5789473684210527,
        0.47368421052631576,
        8,
        19
    ]
}