{
    "precision": 0.2813852813852814,
    "recall": 0.4642857142857143,
    "f1_score": 0.3504043126684636,
    "accuracy": 0.8896520146520146,
    "threshold": 0.1,
    "far": 0.0812133072407045,
    "brier_score": 0.05531588827838828,
    "roc_auc": 0.8285469667318982,
    "event": [
        0.631578947368421,
        0.5789473684210527,
        7,
        19
    ]
}