{
    "precision": 0.2774869109947644,
    "recall": 0.37857142857142856,
    "f1_score": 0.3202416918429003,
    "accuracy": 0.896978021978022,
    "threshold": 0.1,
    "far": 0.0675146771037182,
    "brier_score": 0.05618016834806046,
    "roc_auc": 0.8685490634610009,
    "event": [
        0.5263157894736842,
        0.5263157894736842,
        9,
        19
    ]
}