{
    "precision": 0.2782258064516129,
    "recall": 0.4928571428571429,
    "f1_score": 0.3556701030927835,
    "accuracy": 0.8855311355311355,
    "threshold": 0.1,
    "far": 0.087573385518591,
    "brier_score": 0.054794963369963375,
    "roc_auc": 0.8373025580095051,
    "event": [
        0.631578947368421,
        0.47368421052631576,
        7,
        19
    ]
}