{
    "window": 14,
    "precision": 0.30177514792899407,
    "recall": 0.36428571428571427,
    "f1": 0.3300970873786408,
    "roc_auc": 0.8596229187071499,
    "brier_score": 0.05423043765013515,
    "false_alarm_rate": 0.05778648383937316,
    "event_detection_rate": 0.5263157894736842,
    "early_warning_success": 0.3684210526315789,
    "missed_outbreaks": 9,
    "total_events": 19,
    "best_threshold": 0.1,
    "train_duration": 25.288558959960938
}