{
    "window": 3,
    "precision": 0.2676056338028169,
    "recall": 0.40714285714285714,
    "f1": 0.32294617563739375,
    "roc_auc": 0.8622528815927348,
    "brier_score": 0.05562089722857993,
    "false_alarm_rate": 0.07628361858190709,
    "event_detection_rate": 0.631578947368421,
    "early_warning_success": 0.47368421052631576,
    "missed_outbreaks": 7,
    "total_events": 19,
    "best_threshold": 0.1,
    "train_duration": 9.773053169250488
}