{
    "window": 28,
    "precision": 0.3220338983050847,
    "recall": 0.2714285714285714,
    "f1": 0.29457364341085274,
    "roc_auc": 0.8516718070937894,
    "brier_score": 0.057191727559550896,
    "false_alarm_rate": 0.03925417075564279,
    "event_detection_rate": 0.47368421052631576,
    "early_warning_success": 0.15789473684210525,
    "missed_outbreaks": 10,
    "total_events": 19,
    "best_threshold": 0.1,
    "train_duration": 52.55860471725464
}