{
    "rf": {
        "f1": 0.7690179806362379,
        "recall": 0.7128205128205128,
        "auc": 0.9257116313638054,
        "event_metrics": [
            0.631578947368421,
            0.5263157894736842,
            7,
            19
        ]
    },
    "gru": {
        "f1": 0.8203221809169765,
        "recall": 0.8487179487179487,
        "auc": 0.9443747478082242,
        "event_metrics": [
            0.6842105263157895,
            0.631578947368421,
            6,
            19
        ]
    }
}