window,gru_f1,gru_recall,gru_auc,gru_ew,gru_miss,rf_f1,rf_recall,rf_auc,rf_ew,rf_miss
3,0.3137254901960784,0.4,0.862210967516591,0.47368421052631576,8,0.34806629834254144,0.45,0.8352200488997555,0.5789473684210527,7
5,0.32448377581120946,0.39285714285714285,0.8667843164663127,0.5263157894736842,9,0.3504043126684636,0.4642857142857143,0.8285469667318982,0.5789473684210527,7
7,0.31545741324921134,0.35714285714285715,0.8719772155437517,0.5263157894736842,9,0.3556701030927835,0.4928571428571429,0.8373025580095051,0.47368421052631576,7
14,0.2986111111111111,0.30714285714285716,0.8515321113754022,0.3684210526315789,10,0.36056338028169016,0.45714285714285713,0.8183730936057086,0.3157894736842105,8
28,0.2783882783882784,0.2714285714285714,0.8608895275480163,0.3684210526315789,10,0.17391304347826086,0.15714285714285714,0.7728252488434039,0.2631578947368421,13
