model,precision,recall,f1,false_alarm_rate
RandomForest,0.5,0.07857142857142857,0.13580246913580246,0.005376344086021506
GradientBoosting,0.45652173913043476,0.15,0.22580645161290322,0.012218963831867057
